rouge1,rouge2,rogueL,rogueLs,chrf
0.19847328244274806,0.0310077519379845,0.13740458015267176,0.13740458015267176,26.673456772018874
0.15384615384615385,0.019607843137254898,0.09615384615384616,0.09615384615384616,24.672278368150817
0.11851851851851852,0.015037593984962405,0.08888888888888889,0.08888888888888889,20.79764667952646
0.1627906976744186,0.0,0.06976744186046512,0.06976744186046512,23.32439992656428
0.11538461538461538,0.0588235294117647,0.11538461538461538,0.11538461538461538,23.88330812144177
0.0746268656716418,0.015151515151515154,0.04477611940298507,0.04477611940298507,20.877558453928653
0.11764705882352941,0.024096385542168672,0.07058823529411765,0.07058823529411765,30.80767966698325
0.183206106870229,0.046511627906976744,0.0916030534351145,0.0916030534351145,27.328016458191733
0.17777777777777778,0.022727272727272724,0.08888888888888889,0.08888888888888889,29.846752988110207
0.21505376344086022,0.06593406593406594,0.15053763440860216,0.15053763440860216,35.10244795148033
0.14814814814814814,0.02531645569620253,0.09876543209876543,0.09876543209876543,25.16378914313877
0.21359223300970873,0.039603960396039604,0.11650485436893206,0.11650485436893206,26.518580784920825
0.16091954022988506,0.023529411764705882,0.09195402298850575,0.09195402298850575,23.43768485675591
0.24096385542168675,0.02469135802469136,0.1686746987951807,0.1686746987951807,28.314090241756475
0.14492753623188406,0.0,0.11594202898550725,0.11594202898550725,21.98791846646847
0.14634146341463414,0.024999999999999998,0.0975609756097561,0.0975609756097561,28.619688080117058
0.1951219512195122,0.025,0.12195121951219512,0.12195121951219512,29.255648081463036
0.024691358024691357,0.0,0.024691358024691357,0.024691358024691357,11.272976699430204
0.21052631578947367,0.027027027027027025,0.13157894736842105,0.13157894736842105,32.65316190482546
0.1565217391304348,0.017699115044247787,0.12173913043478259,0.12173913043478259,20.614059729631578
0.21739130434782605,0.08888888888888888,0.08695652173913043,0.08695652173913043,32.445043590683845
0.0975609756097561,0.0,0.0975609756097561,0.0975609756097561,17.290311428214867
0.17475728155339806,0.019801980198019802,0.09708737864077668,0.09708737864077668,23.255621381049156
0.09302325581395349,0.0,0.09302325581395349,0.09302325581395349,25.676833261291105
0.2543352601156069,0.023391812865497075,0.12716763005780346,0.12716763005780346,30.387332560824177
0.1794871794871795,0.0,0.12820512820512822,0.12820512820512822,26.49562297438536
0.16,0.02040816326530612,0.12,0.12,27.62214718479754
0.11494252873563217,0.023529411764705882,0.09195402298850575,0.09195402298850575,18.874429529825843
0.20512820512820512,0.08695652173913043,0.17094017094017094,0.17094017094017094,28.119878542494785
0.16417910447761194,0.0303030303030303,0.11940298507462686,0.11940298507462686,22.66110194533355
0.17391304347826086,0.02222222222222222,0.13043478260869565,0.13043478260869565,27.63010374256633
0.2337662337662338,0.02666666666666667,0.1558441558441558,0.1558441558441558,29.243348760563993
0.19130434782608693,0.0,0.12173913043478259,0.12173913043478259,25.121269371451664
0.1475409836065574,0.03333333333333333,0.06557377049180328,0.06557377049180328,23.747898000397917
0.1791044776119403,0.0,0.08955223880597014,0.08955223880597014,27.99246775301268
0.10666666666666667,0.0,0.08,0.08,24.022698003624367
0.1518987341772152,0.05128205128205128,0.0759493670886076,0.0759493670886076,25.00662534999945
0.12371134020618556,0.0,0.06185567010309278,0.06185567010309278,25.938499430580013
0.2368421052631579,0.027027027027027025,0.10526315789473682,0.10526315789473682,32.67729032211448
0.1188118811881188,0.0,0.0792079207920792,0.0792079207920792,18.492481023933948
0.16528925619834708,0.050420168067226885,0.1322314049586777,0.1322314049586777,22.497759990121242
0.13157894736842107,0.0,0.10526315789473684,0.10526315789473684,24.231615016090327
0.16216216216216217,0.0,0.1081081081081081,0.1081081081081081,27.262813600512565
0.1111111111111111,0.0,0.1111111111111111,0.1111111111111111,24.00474228936354
0.1320754716981132,0.0,0.09433962264150944,0.09433962264150944,25.421639362929888
0.07936507936507936,0.0,0.04761904761904761,0.04761904761904761,19.64931008817694
0.1626016260162602,0.03305785123966943,0.0975609756097561,0.0975609756097561,24.732934270078005
0.06666666666666667,0.0,0.06666666666666667,0.06666666666666667,22.854341348633273
0.15384615384615383,0.0,0.05128205128205128,0.05128205128205128,21.38021711265597
0.20869565217391306,0.0,0.12173913043478261,0.12173913043478261,23.89549808971782
0.13953488372093023,0.0,0.09302325581395349,0.09302325581395349,22.930363366020824
0.13846153846153847,0.015625,0.1076923076923077,0.1076923076923077,25.0512427828781
0.2912621359223301,0.09900990099009901,0.1941747572815534,0.1941747572815534,36.6373961507869
0.18018018018018017,0.0,0.10810810810810809,0.10810810810810809,20.024052055628633
0.07920792079207921,0.0,0.07920792079207921,0.07920792079207921,22.410051498411836
0.19148936170212763,0.04347826086956522,0.1276595744680851,0.1276595744680851,34.11382666537028
0.12698412698412698,0.0,0.06349206349206349,0.06349206349206349,23.25779807580344
0.33628318584070793,0.1517857142857143,0.2212389380530973,0.2212389380530973,40.73179745745073
0.2083333333333333,0.06382978723404255,0.125,0.125,26.788732463716503
0.0970873786407767,0.0,0.058252427184466014,0.058252427184466014,16.94697674830563
0.2156862745098039,0.0,0.0784313725490196,0.0784313725490196,24.482980849758448
0.10434782608695653,0.01769911504424779,0.08695652173913043,0.08695652173913043,15.346275232608445
0.1758241758241758,0.0,0.1098901098901099,0.1098901098901099,25.23623150813211
0.2553191489361702,0.10869565217391305,0.1702127659574468,0.1702127659574468,36.27594939173144
0.17142857142857143,0.0,0.08571428571428572,0.08571428571428572,22.073607026558413
0.19047619047619047,0.04838709677419355,0.15873015873015872,0.15873015873015872,27.707368332519657
0.1492537313432836,0.0,0.08955223880597014,0.08955223880597014,21.008434334167077
0.175,0.05128205128205128,0.1,0.1,29.712907609879963
0.10101010101010102,0.020618556701030927,0.08080808080808081,0.08080808080808081,21.61600679064838
0.1322314049586777,0.03361344537815126,0.11570247933884296,0.11570247933884296,29.610434457670877
0.1188118811881188,0.0,0.09900990099009901,0.09900990099009901,22.41656409793945
0.11494252873563218,0.0,0.09195402298850575,0.09195402298850575,27.48727287392745
0.1397849462365591,0.010869565217391304,0.08602150537634409,0.08602150537634409,21.875739611877247
0.30985915492957744,0.14492753623188404,0.2535211267605634,0.2535211267605634,36.251857080550295
0.22485207100591711,0.03592814371257485,0.11834319526627218,0.11834319526627218,31.312669088785317
0.2156862745098039,0.0,0.11764705882352941,0.11764705882352941,26.077555989875844
0.12903225806451615,0.03333333333333333,0.06451612903225808,0.06451612903225808,28.806391354259176
0.16513761467889906,0.05607476635514018,0.14678899082568808,0.14678899082568808,23.640321823741296
0.24299065420560748,0.05714285714285714,0.14953271028037382,0.14953271028037382,32.51742507421232
0.15384615384615385,0.0,0.1098901098901099,0.1098901098901099,27.851644163912503
0.032520325203252036,0.0,0.032520325203252036,0.032520325203252036,16.584344371899476
0.19834710743801653,0.01680672268907563,0.11570247933884296,0.11570247933884296,23.714578240172788
0.20253164556962025,0.0,0.10126582278481013,0.10126582278481013,27.266615521295407
0.3333333333333333,0.04878048780487805,0.2142857142857143,0.2142857142857143,46.248781571209264
0.2300884955752212,0.05405405405405406,0.1592920353982301,0.1592920353982301,33.69696254414288
0.07947019867549669,0.01342281879194631,0.052980132450331126,0.052980132450331126,15.37635614860636
0.19999999999999998,0.06818181818181818,0.15555555555555556,0.15555555555555556,22.241644043884833
0.20168067226890754,0.03389830508474576,0.09243697478991597,0.09243697478991597,28.587119129800204
0.07317073170731707,0.0,0.07317073170731707,0.07317073170731707,25.114562703426174
0.08450704225352111,0.0,0.056338028169014086,0.056338028169014086,20.731973675319168
0.15217391304347827,0.06666666666666667,0.15217391304347827,0.15217391304347827,31.493071012273482
0.1276595744680851,0.021739130434782608,0.06382978723404255,0.06382978723404255,30.77470655602793
0.08695652173913045,0.0,0.06521739130434782,0.06521739130434782,14.773747905492238
0.23404255319148934,0.04347826086956522,0.14893617021276598,0.14893617021276598,22.967837568429065
0.08743169398907104,0.011049723756906077,0.06557377049180328,0.06557377049180328,20.09011360706309
0.19130434782608693,0.017699115044247784,0.10434782608695652,0.10434782608695652,27.03211467914833
0.06578947368421054,0.0,0.039473684210526314,0.039473684210526314,21.048989325788654
0.1889763779527559,0.032,0.12598425196850394,0.12598425196850394,24.611726936897657
0.11494252873563217,0.0,0.09195402298850575,0.09195402298850575,20.429872421248675
0.1176470588235294,0.013245033112582781,0.07843137254901962,0.07843137254901962,21.735161560337975
0.17391304347826086,0.035398230088495575,0.13913043478260867,0.13913043478260867,28.504625685880953
0.05714285714285715,0.0,0.05714285714285715,0.05714285714285715,26.656582394174418
0.07894736842105264,0.0,0.052631578947368425,0.052631578947368425,20.112855656978752
0.20253164556962022,0.0,0.12658227848101267,0.12658227848101267,28.11340184370327
0.15789473684210528,0.017857142857142856,0.08771929824561404,0.08771929824561404,26.75778692183118
0.19047619047619047,0.05825242718446603,0.1142857142857143,0.1142857142857143,30.389379337277404
0.1188118811881188,0.0,0.07920792079207921,0.07920792079207921,26.338409254805363
0.13793103448275862,0.0,0.09195402298850576,0.09195402298850576,23.817775363066758
0.16541353383458648,0.030534351145038167,0.13533834586466165,0.13533834586466165,23.757636152462837
0.25531914893617025,0.021739130434782608,0.14893617021276595,0.14893617021276595,27.055485346746934
0.1639344262295082,0.016666666666666666,0.06557377049180327,0.06557377049180327,29.786359769639994
0.198019801980198,0.0,0.11881188118811879,0.11881188118811879,26.83066645080954
0.2522522522522523,0.11009174311926605,0.14414414414414414,0.14414414414414414,33.111274593959486
0.27586206896551724,0.013986013986013984,0.15172413793103445,0.15172413793103445,30.620860167532733
0.08108108108108109,0.0,0.05405405405405405,0.05405405405405405,25.576162409986225
0.15841584158415842,0.0,0.099009900990099,0.099009900990099,20.44631772504536
0.14876033057851237,0.03361344537815126,0.11570247933884296,0.11570247933884296,23.111311308818603
0.1616161616161616,0.04123711340206186,0.10101010101010101,0.10101010101010101,24.157291974240888
0.0851063829787234,0.0,0.0851063829787234,0.0851063829787234,16.125206789158717
0.0784313725490196,0.0,0.0392156862745098,0.0392156862745098,22.048677883287162
0.2162162162162162,0.07339449541284404,0.1981981981981982,0.1981981981981982,32.57199017380114
0.08888888888888889,0.015037593984962405,0.07407407407407407,0.07407407407407407,18.026858266652333
0.17204301075268819,0.0,0.10752688172043011,0.10752688172043011,27.53620617893937
0.26506024096385544,0.04938271604938271,0.14457831325301204,0.14457831325301204,33.303273066519864
0.1111111111111111,0.0,0.08888888888888888,0.08888888888888888,24.05736065614948
0.19642857142857145,0.01818181818181818,0.1607142857142857,0.1607142857142857,29.21675474053408
0.14545454545454545,0.0,0.07272727272727272,0.07272727272727272,24.62908693645729
0.1575757575757576,0.0,0.08484848484848484,0.08484848484848484,24.009349080885894
0.16393442622950818,0.03389830508474576,0.13114754098360656,0.13114754098360656,30.007069870988207
0.18333333333333332,0.0,0.08333333333333334,0.08333333333333334,29.851156362383346
0.20618556701030927,0.0,0.10309278350515463,0.10309278350515463,29.25880768167296
0.15384615384615383,0.0,0.07692307692307691,0.07692307692307691,22.243842883143646
0.2207792207792208,0.02631578947368421,0.12987012987012986,0.12987012987012986,31.538555603116798
0.18018018018018017,0.05504587155963303,0.14414414414414417,0.14414414414414417,34.19453851649637
0.05217391304347825,0.0,0.05217391304347825,0.05217391304347825,16.37704075497209
0.13999999999999999,0.0,0.08,0.08,22.69627921104128
0.15254237288135594,0.017241379310344827,0.0847457627118644,0.0847457627118644,25.57160322731446
0.096,0.0,0.064,0.064,22.914315621604246
0.1415929203539823,0.0,0.08849557522123892,0.08849557522123892,23.53209638720096
0.15384615384615385,0.0425531914893617,0.06993006993006994,0.06993006993006994,23.785520341717724
0.17142857142857143,0.019417475728155338,0.09523809523809523,0.09523809523809523,27.06239788757056
0.1553398058252427,0.019801980198019802,0.0970873786407767,0.0970873786407767,22.88522675103561
0.16129032258064516,0.0,0.0967741935483871,0.0967741935483871,24.37625547530872
0.2735042735042735,0.017391304347826087,0.11965811965811965,0.11965811965811965,33.4502402300393
0.14814814814814814,0.018867924528301886,0.12962962962962962,0.12962962962962962,19.0727391065219
0.17391304347826086,0.029850746268656716,0.11594202898550725,0.11594202898550725,20.441343755267237
0.0880503144654088,0.0,0.06289308176100629,0.06289308176100629,13.940522344890539
0.14925373134328357,0.0,0.08955223880597016,0.08955223880597016,19.552162356648854
0.2222222222222222,0.045454545454545456,0.13333333333333333,0.13333333333333333,25.67860544755409
0.21999999999999997,0.020408163265306124,0.18,0.18,30.101466675258838
0.1,0.020408163265306124,0.04,0.04,25.089258634351623
0.23255813953488372,0.07142857142857144,0.11627906976744186,0.11627906976744186,30.679975499548785
0.18181818181818182,0.0,0.09090909090909091,0.09090909090909091,25.384948918245243
0.15126050420168066,0.06837606837606837,0.08403361344537816,0.08403361344537816,38.91768053639231
0.2689075630252101,0.06837606837606837,0.13445378151260504,0.13445378151260504,33.08018716685216
0.14634146341463417,0.0,0.0975609756097561,0.0975609756097561,18.604464107723867
0.10852713178294571,0.015748031496062995,0.062015503875968984,0.062015503875968984,29.787335705736158
0.18367346938775508,0.020833333333333336,0.10204081632653061,0.10204081632653061,22.584458656884284
0.1518987341772152,0.0,0.12658227848101264,0.12658227848101264,20.92180084254161
0.18556701030927836,0.0,0.10309278350515465,0.10309278350515465,24.633616494526517
0.14814814814814814,0.07594936708860761,0.14814814814814814,0.14814814814814814,28.914573037979345
0.14285714285714285,0.05454545454545455,0.125,0.125,23.504789188871396
0.37113402061855666,0.16842105263157897,0.26804123711340205,0.26804123711340205,43.26669332134331
0.16091954022988506,0.023255813953488372,0.09195402298850575,0.09195402298850575,24.011364828725164
0.16470588235294117,0.048192771084337345,0.11764705882352941,0.11764705882352941,27.889726910250666
0.12,0.020408163265306124,0.08,0.08,23.338452409800325
0.26506024096385544,0.04878048780487805,0.1566265060240964,0.1566265060240964,33.97354721084061
0.1592920353982301,0.03603603603603604,0.08849557522123892,0.08849557522123892,25.07194809022973
0.25301204819277107,0.04878048780487805,0.12048192771084337,0.12048192771084337,28.640520720003
0.06451612903225808,0.0,0.06451612903225808,0.06451612903225808,23.96638916887536
0.0,0.0,0.0,0.0,14.894721322267463
0.14492753623188404,0.0,0.08695652173913045,0.08695652173913045,21.55726178508541
0.20792079207920794,0.0,0.1188118811881188,0.1188118811881188,26.499850631435905
0.1894736842105263,0.12903225806451613,0.16842105263157894,0.16842105263157894,30.271154771876756
0.12499999999999997,0.025641025641025637,0.075,0.075,21.032931163061512
0.20930232558139536,0.047619047619047616,0.13953488372093023,0.13953488372093023,29.39983910340503
0.23655913978494625,0.021978021978021976,0.15053763440860216,0.15053763440860216,31.505716596164312
0.12903225806451613,0.0,0.0967741935483871,0.0967741935483871,19.70842741649142
0.17073170731707316,0.025,0.12195121951219512,0.12195121951219512,20.75968240990937
0.2117647058823529,0.024096385542168676,0.11764705882352942,0.11764705882352942,28.464100408415167
0.22727272727272727,0.023255813953488375,0.1590909090909091,0.1590909090909091,30.55893334271966
0.13888888888888887,0.028169014084507043,0.125,0.125,21.940764683931366
0.1322314049586777,0.05042016806722689,0.1322314049586777,0.1322314049586777,25.712243289705206
0.2692307692307693,0.0392156862745098,0.17307692307692307,0.17307692307692307,27.563275569002077
0.1317365269461078,0.03636363636363636,0.10778443113772454,0.10778443113772454,19.26184448952109
0.15873015873015872,0.06451612903225806,0.11111111111111112,0.11111111111111112,32.60195391816195
0.22500000000000003,0.02564102564102564,0.125,0.125,34.37114886138999
0.11188811188811189,0.0,0.06993006993006992,0.06993006993006992,22.179357294435796
0.06741573033707865,0.0,0.0449438202247191,0.0449438202247191,17.0469055802077
0.21333333333333335,0.0821917808219178,0.16,0.16,27.095555386600008
0.08917197452229299,0.0,0.08917197452229299,0.08917197452229299,20.489946646328832
0.12698412698412698,0.0,0.09523809523809525,0.09523809523809525,22.175341346119264
0.09999999999999999,0.0,0.09999999999999999,0.09999999999999999,18.067874865552184
0.24444444444444446,0.09090909090909091,0.15555555555555556,0.15555555555555556,35.80543065231714
0.186046511627907,0.07142857142857142,0.186046511627907,0.186046511627907,30.70866556422729
0.12389380530973451,0.05405405405405406,0.08849557522123894,0.08849557522123894,22.514833982470225
0.13986013986013984,0.014184397163120567,0.06993006993006992,0.06993006993006992,20.976169071602563
0.15555555555555556,0.022727272727272724,0.08888888888888889,0.08888888888888889,25.612865197873052
0.14414414414414414,0.01834862385321101,0.10810810810810809,0.10810810810810809,25.324012463000628
0.1607142857142857,0.01818181818181818,0.08928571428571427,0.08928571428571427,25.38558429962897
0.18867924528301888,0.019230769230769232,0.1509433962264151,0.1509433962264151,23.8757303440609
0.07317073170731707,0.0,0.04878048780487805,0.04878048780487805,19.51712207454722
0.1639344262295082,0.016666666666666666,0.11475409836065574,0.11475409836065574,24.472231777374166
0.11764705882352942,0.014925373134328358,0.08823529411764706,0.08823529411764706,21.59583772181889
0.17721518987341772,0.025974025974025976,0.15189873417721517,0.15189873417721517,28.61899342449853
0.16666666666666666,0.024390243902439025,0.09523809523809523,0.09523809523809523,24.529887455941065
0.12499999999999999,0.0,0.09722222222222222,0.09722222222222222,20.20462410663109
0.1276595744680851,0.0,0.0851063829787234,0.0851063829787234,20.01973849028715
0.1891891891891892,0.0,0.16216216216216214,0.16216216216216214,23.293545840125248
0.11475409836065574,0.03333333333333333,0.11475409836065574,0.11475409836065574,22.681299270869406
0.08547008547008546,0.03478260869565218,0.08547008547008546,0.08547008547008546,20.89886276170314
0.15942028985507245,0.029411764705882353,0.11594202898550726,0.11594202898550726,25.202213288111952
0.26666666666666666,0.0,0.15000000000000002,0.15000000000000002,26.867144883564702
0.13592233009708737,0.039603960396039604,0.11650485436893203,0.11650485436893203,25.56243234615394
0.2,0.045454545454545456,0.15555555555555556,0.15555555555555556,28.599836102905478
0.21951219512195122,0.0,0.12195121951219512,0.12195121951219512,26.05202855529446
0.2727272727272727,0.02325581395348837,0.13636363636363635,0.13636363636363635,28.423712855562002
0.1694915254237288,0.0,0.13559322033898302,0.13559322033898302,26.727592787989312
0.12195121951219512,0.025,0.09756097560975609,0.09756097560975609,18.86223877428964
0.05594405594405594,0.0,0.02797202797202797,0.02797202797202797,20.791896685010723
0.15,0.05128205128205128,0.075,0.075,25.22474037054781
0.1818181818181818,0.0,0.0909090909090909,0.0909090909090909,23.592552522662764
0.18803418803418803,0.06956521739130433,0.13675213675213677,0.13675213675213677,31.76633430267628
0.1443298969072165,0.0,0.08247422680412372,0.08247422680412372,32.138166359823295
0.11111111111111112,0.0,0.05555555555555556,0.05555555555555556,26.68865315354314
0.15053763440860213,0.021978021978021976,0.12903225806451613,0.12903225806451613,26.637754508722146
0.1506849315068493,0.027777777777777776,0.0958904109589041,0.0958904109589041,25.268680163837704
0.09248554913294799,0.023391812865497075,0.08092485549132948,0.08092485549132948,18.59881795320603
0.13533834586466167,0.0,0.09022556390977443,0.09022556390977443,22.873937076340248
0.3787878787878788,0.04615384615384615,0.21212121212121213,0.21212121212121213,27.54175399077836
0.15517241379310345,0.0,0.08620689655172413,0.08620689655172413,25.415827835912374
0.2716049382716049,0.025316455696202528,0.1728395061728395,0.1728395061728395,28.125727325128114
0.18823529411764706,0.07228915662650602,0.16470588235294117,0.16470588235294117,22.50181235995667
0.18897637795275593,0.0,0.09448818897637797,0.09448818897637797,24.464874818008262
0.13445378151260504,0.03418803418803419,0.11764705882352941,0.11764705882352941,21.125904972353148
0.1346153846153846,0.0196078431372549,0.09615384615384615,0.09615384615384615,21.264067643339388
0.1956521739130435,0.0,0.10869565217391305,0.10869565217391305,29.153513242218843
0.11965811965811966,0.0,0.08547008547008546,0.08547008547008546,23.76364614199291
0.17307692307692307,0.0196078431372549,0.11538461538461538,0.11538461538461538,25.662776757679374
0.17333333333333334,0.027027027027027025,0.09333333333333332,0.09333333333333332,25.774995028658054
0.1383647798742138,0.012738853503184714,0.10062893081761007,0.10062893081761007,22.664979886671503
0.28985507246376807,0.05970149253731343,0.20289855072463772,0.20289855072463772,36.66239305356504
0.25806451612903225,0.10989010989010989,0.17204301075268819,0.17204301075268819,35.46228804578699
0.23076923076923075,0.0392156862745098,0.1346153846153846,0.1346153846153846,29.99879955107489
0.16666666666666669,0.0,0.1,0.1,19.783003043699058
0.16981132075471697,0.01923076923076923,0.09433962264150943,0.09433962264150943,26.783155763304052
0.1016949152542373,0.034482758620689655,0.0847457627118644,0.0847457627118644,17.334485031781234
0.20618556701030927,0.04210526315789473,0.1443298969072165,0.1443298969072165,28.21768014882931
0.22499999999999998,0.02564102564102564,0.17500000000000002,0.17500000000000002,28.665796923783116
0.21052631578947367,0.0,0.1263157894736842,0.1263157894736842,24.386382461153392
0.20634920634920634,0.016129032258064516,0.12698412698412698,0.12698412698412698,23.55376431848276
0.1276595744680851,0.0,0.10638297872340426,0.10638297872340426,22.208107489728885
0.13043478260869565,0.0,0.06521739130434782,0.06521739130434782,20.870151339819824
0.15929203539823011,0.018018018018018018,0.07079646017699114,0.07079646017699114,19.742936444357127
0.09580838323353293,0.012121212121212121,0.09580838323353293,0.09580838323353293,25.03989364999275
0.1475409836065574,0.0,0.08196721311475409,0.08196721311475409,27.83803858163006
0.13953488372093023,0.015748031496062992,0.07751937984496124,0.07751937984496124,22.757146708272227
0.13043478260869565,0.0,0.08695652173913043,0.08695652173913043,21.046628332707858
0.2184873949579832,0.05128205128205127,0.13445378151260504,0.13445378151260504,28.551969505395032
0.16901408450704225,0.014285714285714287,0.12676056338028166,0.12676056338028166,26.483561706259756
0.11235955056179778,0.022988505747126436,0.06741573033707865,0.06741573033707865,23.73669152723423
0.1558441558441558,0.02666666666666667,0.12987012987012986,0.12987012987012986,21.970032000086775
0.19999999999999998,0.03389830508474576,0.13333333333333333,0.13333333333333333,25.90766498551854
0.14545454545454545,0.018518518518518517,0.1090909090909091,0.1090909090909091,23.329995791059822
0.15189873417721522,0.0,0.10126582278481013,0.10126582278481013,23.651105559454784
0.16216216216216214,0.01834862385321101,0.09009009009009009,0.09009009009009009,29.263220512369138
0.19444444444444445,0.0,0.13888888888888887,0.13888888888888887,31.531095860621804
0.22222222222222218,0.04838709677419355,0.14285714285714285,0.14285714285714285,34.302361175195806
0.17600000000000002,0.048780487804878044,0.112,0.112,20.82824872544712
0.26373626373626374,0.0898876404494382,0.15384615384615385,0.15384615384615385,29.728514690903307
0.17647058823529413,0.06060606060606061,0.14705882352941177,0.14705882352941177,22.963888394937975
0.09174311926605504,0.018691588785046728,0.07339449541284404,0.07339449541284404,23.531639216560567
0.22033898305084745,0.06896551724137931,0.10169491525423728,0.10169491525423728,27.080162695109244
0.1523809523809524,0.019417475728155338,0.13333333333333336,0.13333333333333336,24.686002825418132
0.11538461538461539,0.0,0.07692307692307693,0.07692307692307693,19.827786217045855
0.20689655172413796,0.0,0.13793103448275865,0.13793103448275865,30.611627906616633
0.1818181818181818,0.030769230769230764,0.12121212121212122,0.12121212121212122,27.44725323358903
0.17475728155339806,0.019801980198019802,0.09708737864077671,0.09708737864077671,32.67644090905843
0.2105263157894737,0.02702702702702703,0.13157894736842105,0.13157894736842105,40.14890203611396
0.1095890410958904,0.0,0.0547945205479452,0.0547945205479452,19.12619880499137
0.31999999999999995,0.18367346938775508,0.26,0.26,35.808246191190776
0.05555555555555555,0.0,0.05555555555555555,0.05555555555555555,14.712688647460284
0.14634146341463417,0.0,0.07317073170731708,0.07317073170731708,24.898859382378465
0.07843137254901962,0.0,0.07843137254901962,0.07843137254901962,21.14302972835699
0.10309278350515463,0.021052631578947368,0.08247422680412371,0.08247422680412371,23.868293662238678
0.1016949152542373,0.0,0.05084745762711865,0.05084745762711865,25.797593665426312
0.1797752808988764,0.0,0.0898876404494382,0.0898876404494382,30.34176915371805
0.2637362637362637,0.0449438202247191,0.15384615384615383,0.15384615384615383,31.527446933118576
0.14893617021276595,0.06521739130434782,0.14893617021276595,0.14893617021276595,24.239784064503297
0.3185840707964602,0.18018018018018017,0.23008849557522124,0.23008849557522124,45.828585149805214
0.18367346938775508,0.041237113402061855,0.10204081632653061,0.10204081632653061,27.089102883183948
0.1590909090909091,0.06976744186046512,0.11363636363636363,0.11363636363636363,24.026502516918637
0.17721518987341772,0.025974025974025976,0.12658227848101267,0.12658227848101267,23.66004360362346
0.11764705882352941,0.0,0.07352941176470588,0.07352941176470588,24.87462652294117
0.17142857142857143,0.0,0.07142857142857142,0.07142857142857142,23.889656269492733
0.23529411764705885,0.0,0.11764705882352942,0.11764705882352942,34.99775969179774
0.09230769230769231,0.0,0.07179487179487179,0.07179487179487179,19.377837044806597
0.20930232558139533,0.047619047619047616,0.09302325581395349,0.09302325581395349,23.13480706510755
0.056338028169014086,0.0,0.056338028169014086,0.056338028169014086,24.466008832924942
0.06153846153846154,0.0,0.03076923076923077,0.03076923076923077,19.57070829679409
0.16363636363636366,0.018518518518518517,0.1090909090909091,0.1090909090909091,24.312848183695383
0.10619469026548672,0.0,0.07079646017699115,0.07079646017699115,19.781578660552317
0.2535211267605634,0.0,0.1408450704225352,0.1408450704225352,26.76019787069624
0.1411764705882353,0.024096385542168676,0.09411764705882354,0.09411764705882354,33.425582863073195
0.25742574257425743,0.10101010101010101,0.198019801980198,0.198019801980198,33.08989176528303
0.13953488372093023,0.0,0.11627906976744184,0.11627906976744184,24.320619517914384
0.16363636363636364,0.01851851851851852,0.10909090909090909,0.10909090909090909,23.125595389029098
0.2117647058823529,0.0963855421686747,0.16470588235294117,0.16470588235294117,28.9691046439139
0.19999999999999998,0.0,0.09999999999999999,0.09999999999999999,19.053849393400345
0.3,0.10256410256410256,0.2,0.2,44.969713057130235
0.14965986394557823,0.013793103448275864,0.0816326530612245,0.0816326530612245,25.1076815700775
0.18947368421052632,0.043010752688172046,0.14736842105263157,0.14736842105263157,29.461020488948904
0.23300970873786409,0.019801980198019802,0.13592233009708737,0.13592233009708737,29.0878126883542
0.1393034825870647,0.010050251256281407,0.05970149253731343,0.05970149253731343,21.24018816552887
0.10752688172043011,0.03260869565217391,0.07526881720430108,0.07526881720430108,20.807250021529025
0.16853932584269662,0.045454545454545456,0.0898876404494382,0.0898876404494382,27.42747975748362
0.20338983050847456,0.0,0.16949152542372883,0.16949152542372883,21.72626908912802
0.21875000000000003,0.04761904761904762,0.15625,0.15625,31.192677422707394
0.0,0.0,0.0,0.0,17.50800127584847
0.20779220779220778,0.05333333333333333,0.15584415584415584,0.15584415584415584,33.335370205336226
0.21951219512195122,0.025,0.12195121951219513,0.12195121951219513,31.523871798124354
0.3373493975903615,0.09876543209876543,0.14457831325301207,0.14457831325301207,40.96846017593885
0.18,0.02040816326530612,0.09999999999999999,0.09999999999999999,22.145509230428157
0.10769230769230768,0.015625,0.0923076923076923,0.0923076923076923,20.350666225884208
0.18333333333333335,0.03389830508474577,0.11666666666666668,0.11666666666666668,34.80957674518429
0.14457831325301204,0.0,0.07228915662650602,0.07228915662650602,24.80913226143361
0.1627906976744186,0.0,0.11627906976744184,0.11627906976744184,26.149091239930765
0.17333333333333334,0.05405405405405406,0.14666666666666667,0.14666666666666667,27.55684020658978
0.02649006622516556,0.0,0.02649006622516556,0.02649006622516556,9.914641047993019
0.1276595744680851,0.021739130434782608,0.10638297872340426,0.10638297872340426,19.86581366626148
0.1704035874439462,0.06334841628959276,0.12556053811659193,0.12556053811659193,25.189113771589938
0.09815950920245398,0.012422360248447204,0.03680981595092024,0.03680981595092024,13.137059520772604
0.1608040201005025,0.050761421319796954,0.10050251256281408,0.10050251256281408,23.55926876122115
0.13043478260869565,0.0,0.08695652173913045,0.08695652173913045,26.422968118734268
0.0909090909090909,0.023255813953488375,0.04545454545454545,0.04545454545454545,26.30769964332188
0.169811320754717,0.038461538461538464,0.11320754716981131,0.11320754716981131,24.858398231065586
0.14084507042253522,0.0,0.11267605633802816,0.11267605633802816,20.07916856855928
0.17391304347826086,0.02222222222222222,0.13043478260869565,0.13043478260869565,25.766040258381643
0.1518987341772152,0.025974025974025972,0.10126582278481013,0.10126582278481013,29.854069942008536
0.10084033613445378,0.0,0.06722689075630253,0.06722689075630253,20.24854508048842
0.2745098039215686,0.04,0.15686274509803919,0.15686274509803919,29.369730596262006
0.12307692307692308,0.0,0.06153846153846154,0.06153846153846154,22.167062543943487
0.16176470588235292,0.05970149253731343,0.1323529411764706,0.1323529411764706,28.49782823628544
0.18181818181818182,0.0,0.10101010101010101,0.10101010101010101,24.602478312170334
0.1509433962264151,0.019230769230769232,0.1320754716981132,0.1320754716981132,28.13875685468049
0.15873015873015872,0.016129032258064512,0.12698412698412698,0.12698412698412698,21.796663941995337
0.1,0.0,0.1,0.1,20.746513404602823
0.12389380530973451,0.0,0.08849557522123894,0.08849557522123894,20.772231409672877
0.12658227848101267,0.0,0.0759493670886076,0.0759493670886076,24.365385240455005
0.13333333333333336,0.0,0.1111111111111111,0.1111111111111111,24.02398553878486
0.24324324324324323,0.03636363636363637,0.14414414414414414,0.14414414414414414,29.602841454916746
0.1592920353982301,0.0,0.08849557522123894,0.08849557522123894,23.464539996159125
0.05970149253731344,0.030769230769230767,0.05970149253731344,0.05970149253731344,21.933355032096493
0.16470588235294117,0.024096385542168672,0.11764705882352941,0.11764705882352941,21.80359644689232
0.2,0.018518518518518517,0.10909090909090909,0.10909090909090909,23.006487510454956
0.1839080459770115,0.0,0.11494252873563218,0.11494252873563218,23.575614494522043
0.09302325581395347,0.023809523809523808,0.09302325581395347,0.09302325581395347,23.63617853469056
0.12371134020618557,0.0,0.08247422680412371,0.08247422680412371,21.942074292331057
0.16216216216216217,0.02777777777777778,0.1081081081081081,0.1081081081081081,28.131070303917973
0.0,0.0,0.0,0.0,22.92565519593604
0.07692307692307691,0.0,0.05128205128205128,0.05128205128205128,25.39323663460271
0.09230769230769231,0.031746031746031744,0.09230769230769231,0.09230769230769231,20.224601631018004
0.17647058823529413,0.0,0.14705882352941177,0.14705882352941177,28.52217439636021
0.21818181818181814,0.07547169811320754,0.21818181818181814,0.21818181818181814,27.629541748865314
0.08108108108108107,0.0,0.05405405405405406,0.05405405405405406,18.59351950922322
0.26666666666666666,0.06818181818181819,0.15555555555555553,0.15555555555555553,43.247097790760925
0.07142857142857142,0.0,0.05357142857142857,0.05357142857142857,22.038484353956765
0.25,0.025641025641025644,0.17500000000000002,0.17500000000000002,21.720470575508884
0.11111111111111112,0.0,0.07407407407407407,0.07407407407407407,25.333413089190117
0.125,0.0,0.08928571428571429,0.08928571428571429,25.32749900195871
0.08333333333333334,0.0,0.05,0.05,18.264647853067608
0.22680412371134023,0.06315789473684211,0.1443298969072165,0.1443298969072165,23.82255219635123
0.04395604395604396,0.0,0.02197802197802198,0.02197802197802198,18.306796772731825
0.12631578947368421,0.0,0.08421052631578947,0.08421052631578947,20.29819267668097
0.14893617021276595,0.02173913043478261,0.10638297872340426,0.10638297872340426,23.50966456122533
0.2456140350877193,0.01785714285714286,0.14035087719298245,0.14035087719298245,29.198604257022076
0.16161616161616163,0.0,0.08080808080808081,0.08080808080808081,23.256219941557614
0.24489795918367344,0.04166666666666667,0.12244897959183672,0.12244897959183672,30.94620764388367
0.4225352112676057,0.2028985507246377,0.16901408450704225,0.16901408450704225,46.33987415349466
0.21176470588235294,0.07228915662650602,0.1647058823529412,0.1647058823529412,27.368669987626287
0.1836734693877551,0.0,0.14285714285714288,0.14285714285714288,20.251980016500706
0.15873015873015875,0.0,0.09523809523809525,0.09523809523809525,19.807759081907292
0.13559322033898305,0.0,0.0847457627118644,0.0847457627118644,19.712294469539138
0.16363636363636366,0.018518518518518517,0.14545454545454545,0.14545454545454545,25.69100291144458
0.14457831325301207,0.07407407407407407,0.12048192771084337,0.12048192771084337,33.201684827877486
0.24731182795698922,0.043478260869565216,0.12903225806451613,0.12903225806451613,31.469636835550663
0.15151515151515152,0.0,0.09090909090909091,0.09090909090909091,21.28015083885637
0.10869565217391304,0.04444444444444444,0.10869565217391304,0.10869565217391304,27.28233126472464
0.10256410256410255,0.0,0.07692307692307691,0.07692307692307691,25.026870680204265
0.147239263803681,0.037267080745341616,0.11042944785276074,0.11042944785276074,29.179171004178926
0.13636363636363638,0.030769230769230764,0.0909090909090909,0.0909090909090909,24.493364072911223
0.25316455696202533,0.07792207792207792,0.15189873417721517,0.15189873417721517,33.82020892138849
0.0980392156862745,0.0,0.0784313725490196,0.0784313725490196,17.904100082730942
0.19047619047619044,0.038834951456310676,0.1523809523809524,0.1523809523809524,24.7935232430031
0.12612612612612614,0.0,0.09009009009009009,0.09009009009009009,17.778916306853063
0.3103448275862069,0.03508771929824561,0.1896551724137931,0.1896551724137931,30.894441124177842
0.1348314606741573,0.022988505747126436,0.11235955056179778,0.11235955056179778,27.561677806741113
0.1592920353982301,0.0,0.10619469026548671,0.10619469026548671,21.246717121929848
0.16,0.013513513513513514,0.10666666666666667,0.10666666666666667,21.15788397892274
0.13533834586466167,0.015267175572519083,0.10526315789473684,0.10526315789473684,23.30597586120509
0.1891891891891892,0.02777777777777778,0.13513513513513514,0.13513513513513514,23.8399403051507
0.10256410256410256,0.0,0.07692307692307691,0.07692307692307691,29.415599225243984
0.14035087719298245,0.0,0.10526315789473685,0.10526315789473685,27.61096570158978
0.05714285714285715,0.0,0.03809523809523809,0.03809523809523809,22.755304833816968
0.20588235294117646,0.06060606060606061,0.11764705882352941,0.11764705882352941,24.25299055500915
0.2037037037037037,0.01886792452830189,0.14814814814814814,0.14814814814814814,26.704639830206688
0.23762376237623764,0.0404040404040404,0.15841584158415842,0.15841584158415842,30.491788530792146
0.15503875968992248,0.015748031496062992,0.0930232558139535,0.0930232558139535,22.445839034031827
0.15384615384615385,0.014184397163120567,0.06993006993006994,0.06993006993006994,21.132650830706883
0.22222222222222224,0.04225352112676056,0.11111111111111112,0.11111111111111112,29.673395397737806
0.2597402597402597,0.08,0.18181818181818182,0.18181818181818182,33.36902817776009
0.13333333333333333,0.0,0.13333333333333333,0.13333333333333333,15.70727688137937
0.2222222222222222,0.02857142857142857,0.1388888888888889,0.1388888888888889,31.075703756929634
0.2181818181818182,0.05555555555555556,0.14545454545454545,0.14545454545454545,27.897099995127704
0.13953488372093023,0.023809523809523808,0.11627906976744184,0.11627906976744184,22.872539759555448
0.16822429906542058,0.01904761904761905,0.13084112149532712,0.13084112149532712,23.912182745347298
0.13157894736842107,0.0,0.07894736842105263,0.07894736842105263,21.85228430862619
0.13861386138613863,0.0,0.1188118811881188,0.1188118811881188,20.752142735938808
0.05369127516778524,0.0,0.04026845637583893,0.04026845637583893,23.035055139861853
0.1610738255033557,0.05442176870748299,0.09395973154362416,0.09395973154362416,21.174834108285573
0.1627906976744186,0.0,0.06976744186046512,0.06976744186046512,25.10654834931698
0.16842105263157894,0.0,0.10526315789473682,0.10526315789473682,22.684064837361216
0.19512195121951217,0.06611570247933884,0.11382113821138212,0.11382113821138212,29.4569362237819
0.18018018018018017,0.01834862385321101,0.1081081081081081,0.1081081081081081,24.029944298643493
0.1111111111111111,0.0,0.0888888888888889,0.0888888888888889,16.6208948104603
0.21505376344086025,0.0,0.10752688172043012,0.10752688172043012,24.226596024146733
0.11940298507462688,0.030769230769230767,0.08955223880597014,0.08955223880597014,26.422546850370743
0.32608695652173914,0.1111111111111111,0.1956521739130435,0.1956521739130435,34.45320426122396
0.06666666666666667,0.0,0.04444444444444445,0.04444444444444445,13.130203469049345
0.26262626262626265,0.08247422680412371,0.1414141414141414,0.1414141414141414,31.166634957231494
0.11650485436893204,0.019801980198019802,0.0970873786407767,0.0970873786407767,24.191250181722676
0.14814814814814814,0.0,0.14814814814814814,0.14814814814814814,20.95684773858759
0.11627906976744186,0.0,0.06976744186046512,0.06976744186046512,20.616596907459144
0.196078431372549,0.02,0.1372549019607843,0.1372549019607843,30.525849448538022
0.10989010989010989,0.0,0.10989010989010989,0.10989010989010989,22.260007756116696
0.10619469026548672,0.018018018018018014,0.08849557522123894,0.08849557522123894,23.149434646794223
0.18897637795275593,0.032,0.12598425196850394,0.12598425196850394,29.65590306610383
0.12658227848101267,0.025974025974025976,0.07594936708860758,0.07594936708860758,23.032263185247416
0.1276595744680851,0.0,0.0851063829787234,0.0851063829787234,26.234860486773208
0.14035087719298245,0.0,0.07017543859649122,0.07017543859649122,25.38135194255694
0.13636363636363638,0.0,0.0909090909090909,0.0909090909090909,22.514307418447284
0.10810810810810811,0.027777777777777776,0.10810810810810811,0.10810810810810811,20.651830262219235
0.11881188118811882,0.0,0.07920792079207921,0.07920792079207921,19.282798068427738
0.26666666666666666,0.0,0.13333333333333333,0.13333333333333333,30.849104056017364
0.07407407407407407,0.0,0.07407407407407407,0.07407407407407407,24.479726440739814
0.14285714285714285,0.057971014492753624,0.1142857142857143,0.1142857142857143,27.544645588051463
0.13496932515337423,0.012422360248447206,0.08588957055214724,0.08588957055214724,16.376714189828512
0.06779661016949154,0.017241379310344827,0.03389830508474577,0.03389830508474577,16.468627633775235
0.30379746835443044,0.07792207792207792,0.12658227848101267,0.12658227848101267,34.255019774539555
0.3157894736842105,0.2702702702702703,0.21052631578947367,0.21052631578947367,51.03545492430758
0.3132530120481928,0.19753086419753088,0.21686746987951808,0.21686746987951808,42.58338595680434
0.1935483870967742,0.06593406593406594,0.15053763440860216,0.15053763440860216,25.947980283063536
0.20125786163522014,0.025477707006369428,0.1257861635220126,0.1257861635220126,27.732398451914403
0.1438848920863309,0.0145985401459854,0.11510791366906474,0.11510791366906474,25.962568811724417
0.13793103448275862,0.0,0.10344827586206895,0.10344827586206895,22.64351719271085
0.10416666666666667,0.0,0.08333333333333334,0.08333333333333334,25.13643063161653
0.18918918918918917,0.0,0.10810810810810811,0.10810810810810811,25.469801106128457
0.09876543209876543,0.0,0.09876543209876543,0.09876543209876543,24.570414715326915
0.07228915662650603,0.0,0.04819277108433735,0.04819277108433735,20.643363650437422
0.0759493670886076,0.01282051282051282,0.0759493670886076,0.0759493670886076,17.564005474751237
0.15533980582524273,0.019801980198019802,0.1359223300970874,0.1359223300970874,27.07931299233131
0.15384615384615383,0.011111111111111112,0.12087912087912087,0.12087912087912087,31.75459086350295
0.16216216216216217,0.0,0.13513513513513514,0.13513513513513514,19.545800520664393
0.27906976744186046,0.02380952380952381,0.1627906976744186,0.1627906976744186,28.94488599968622
0.20560747663551399,0.13333333333333333,0.1308411214953271,0.1308411214953271,37.933179390929745
0.1951219512195122,0.075,0.1951219512195122,0.1951219512195122,29.779101437988377
0.1904761904761905,0.04137931034482759,0.13605442176870747,0.13605442176870747,23.082533347257865
0.0810810810810811,0.027777777777777776,0.0810810810810811,0.0810810810810811,25.909605690608796
0.26262626262626265,0.08247422680412372,0.14141414141414144,0.14141414141414144,31.49617745887302
0.32352941176470584,0.18181818181818182,0.17647058823529413,0.17647058823529413,49.55412523269538
0.15000000000000002,0.025641025641025644,0.125,0.125,25.377706734880867
0.35,0.1282051282051282,0.175,0.175,37.15873224843279
0.047619047619047616,0.0,0.047619047619047616,0.047619047619047616,19.98884541912867
0.06060606060606061,0.0,0.030303030303030304,0.030303030303030304,23.261788966824593
0.17391304347826086,0.03773584905660377,0.12422360248447205,0.12422360248447205,27.451241347111033
0.16,0.0,0.12,0.12,21.67591029056589
0.25490196078431376,0.0,0.1372549019607843,0.1372549019607843,25.074945154914136
0.14285714285714288,0.0,0.09523809523809525,0.09523809523809525,17.58439514796831
0.11009174311926605,0.037383177570093455,0.09174311926605504,0.09174311926605504,19.06298178971329
0.08695652173913045,0.022222222222222223,0.08695652173913045,0.08695652173913045,24.32052046317673
0.16000000000000003,0.0,0.12,0.12,24.38151866672352
0.2745098039215686,0.13999999999999999,0.1372549019607843,0.1372549019607843,35.77963822005351
0.13333333333333333,0.015037593984962405,0.07407407407407408,0.07407407407407408,22.113297391732544
0.2608695652173913,0.029850746268656712,0.14492753623188406,0.14492753623188406,32.21063767167471
0.2222222222222222,0.11320754716981131,0.2037037037037037,0.2037037037037037,35.148496080404506
0.14705882352941177,0.030303030303030304,0.08823529411764706,0.08823529411764706,20.747741836146318
0.21782178217821782,0.0202020202020202,0.1188118811881188,0.1188118811881188,24.96338296184828
0.11560693641618498,0.011695906432748537,0.09248554913294797,0.09248554913294797,21.793557106060405
0.0625,0.0,0.0625,0.0625,19.38349475739604
0.11267605633802817,0.0,0.056338028169014086,0.056338028169014086,21.08286927892143
0.10256410256410257,0.0,0.07692307692307693,0.07692307692307693,19.01501076358703
0.1443298969072165,0.0,0.12371134020618556,0.12371134020618556,21.990491575903434
0.3614457831325301,0.0,0.16867469879518074,0.16867469879518074,30.46463546181967
0.13402061855670103,0.010416666666666666,0.08247422680412371,0.08247422680412371,24.385160011305093
0.21333333333333335,0.0547945205479452,0.13333333333333333,0.13333333333333333,23.854890346062053
0.1348314606741573,0.022988505747126436,0.0898876404494382,0.0898876404494382,22.71120768915648
0.07766990291262137,0.0,0.05825242718446602,0.05825242718446602,23.569688593049896
0.2365591397849462,0.08791208791208792,0.17204301075268816,0.17204301075268816,37.26682793276449
0.2280701754385965,0.07142857142857142,0.19298245614035087,0.19298245614035087,35.18965331350385
0.08823529411764705,0.0,0.08823529411764705,0.08823529411764705,25.28978273937042
0.1348314606741573,0.04597701149425287,0.11235955056179775,0.11235955056179775,30.331110551948182
0.16666666666666666,0.056603773584905655,0.07407407407407407,0.07407407407407407,26.60043468585939
0.24242424242424243,0.06185567010309278,0.202020202020202,0.202020202020202,34.07809616294437
0.18604651162790697,0.0,0.0813953488372093,0.0813953488372093,24.43097124724177
0.029411764705882353,0.0,0.029411764705882353,0.029411764705882353,21.53222512900805
0.12000000000000001,0.02040816326530612,0.060000000000000005,0.060000000000000005,25.790477993952543
0.09302325581395349,0.0,0.06976744186046512,0.06976744186046512,15.632870524650894
0.10714285714285714,0.0,0.05357142857142857,0.05357142857142857,19.136183821539234
0.13636363636363638,0.02325581395348837,0.09090909090909091,0.09090909090909091,23.96344199517123
0.20618556701030927,0.042105263157894736,0.10309278350515463,0.10309278350515463,35.06086590668155
0.10084033613445377,0.0,0.08403361344537816,0.08403361344537816,19.003090342458734
0.11267605633802816,0.05797101449275363,0.11267605633802816,0.11267605633802816,23.31567686118679
0.12121212121212122,0.0,0.09090909090909091,0.09090909090909091,23.794319117901967
0.14414414414414414,0.01834862385321101,0.1081081081081081,0.1081081081081081,25.982219677779174
0.19047619047619047,0.0,0.09523809523809523,0.09523809523809523,26.606844194226163
0.192,0.048780487804878044,0.128,0.128,29.787678913002587
0.18604651162790697,0.04761904761904761,0.1627906976744186,0.1627906976744186,24.18836581974438
0.16352201257861634,0.050955414012738856,0.12578616352201258,0.12578616352201258,28.40842210362552
0.10619469026548671,0.0,0.053097345132743355,0.053097345132743355,18.44194311015338
0.08,0.0,0.04,0.04,24.435305742804378
0.18,0.020408163265306124,0.14,0.14,28.39133578829503
0.061224489795918366,0.0,0.02040816326530612,0.02040816326530612,22.30546066142031
0.08823529411764705,0.0,0.0588235294117647,0.0588235294117647,19.266865085049446
0.20111731843575423,0.022598870056497175,0.10055865921787711,0.10055865921787711,23.877217831896093
0.057803468208092484,0.0,0.04624277456647399,0.04624277456647399,18.516041819842513
0.07228915662650603,0.0,0.04819277108433735,0.04819277108433735,23.940622296761358
0.23214285714285715,0.10909090909090909,0.125,0.125,25.813939658659642
0.2476190476190476,0.07766990291262135,0.15238095238095237,0.15238095238095237,35.319876830734444
0.225,0.02564102564102564,0.15,0.15,31.840293315700702
0.1794871794871795,0.026315789473684206,0.10256410256410255,0.10256410256410255,24.981845357617736
0.17435897435897435,0.020725388601036267,0.09230769230769231,0.09230769230769231,23.063714247072262
0.1724137931034483,0.05263157894736841,0.13793103448275862,0.13793103448275862,27.25910026393163
0.09523809523809525,0.0,0.09523809523809525,0.09523809523809525,26.42491000004596
0.2,0.0,0.12,0.12,25.35583673500486
0.22222222222222224,0.038461538461538464,0.14814814814814817,0.14814814814814817,27.300315058014597
0.17228464419475656,0.03773584905660377,0.0749063670411985,0.0749063670411985,25.83098218998089
0.10666666666666667,0.027397260273972605,0.10666666666666667,0.10666666666666667,22.88622801633376
0.16513761467889906,0.0,0.11009174311926603,0.11009174311926603,24.58621237548047
0.1391304347826087,0.017699115044247787,0.10434782608695653,0.10434782608695653,22.375132759045947
0.13953488372093023,0.047619047619047616,0.06976744186046512,0.06976744186046512,25.12152129668977
0.14906832298136646,0.025157232704402517,0.09937888198757765,0.09937888198757765,26.416365925554175
0.09302325581395349,0.0,0.06976744186046512,0.06976744186046512,28.226822714629275
0.16793893129770993,0.046511627906976744,0.10687022900763359,0.10687022900763359,20.235201509225124
0.23437499999999997,0.07936507936507936,0.125,0.125,30.290252408540653
0.15,0.0,0.1,0.1,22.19096202780955
0.11650485436893206,0.0,0.09708737864077668,0.09708737864077668,28.665082108814616
0.31818181818181823,0.06976744186046512,0.18181818181818182,0.18181818181818182,36.092141934540955
0.140625,0.015873015873015872,0.078125,0.078125,26.170456934696347
0.2933333333333334,0.0273972602739726,0.16,0.16,26.967193275641694
0.1894736842105263,0.08602150537634408,0.1894736842105263,0.1894736842105263,34.53082804797013
0.13846153846153844,0.046875,0.10769230769230767,0.10769230769230767,24.623387313671003
0.02173913043478261,0.0,0.02173913043478261,0.02173913043478261,25.68082062470313
0.06211180124223603,0.0,0.04968944099378882,0.04968944099378882,15.272443155615308
0.06896551724137932,0.01754385964912281,0.05172413793103448,0.05172413793103448,16.362336742686725
0.25806451612903225,0.04918032786885245,0.16129032258064516,0.16129032258064516,24.65919589124305
0.23076923076923078,0.07894736842105263,0.15384615384615383,0.15384615384615383,28.570023650992628
0.09090909090909091,0.0,0.09090909090909091,0.09090909090909091,22.38232449974221
0.23622047244094488,0.016,0.14173228346456693,0.14173228346456693,25.876642920453026
0.17777777777777776,0.045454545454545456,0.13333333333333333,0.13333333333333333,28.321738322200858
0.27586206896551724,0.047058823529411764,0.16091954022988506,0.16091954022988506,33.3014122692908
0.02564102564102564,0.0,0.02564102564102564,0.02564102564102564,21.525604368772832
0.25641025641025644,0.05263157894736841,0.12820512820512822,0.12820512820512822,28.24428373686304
0.12,0.020408163265306124,0.09999999999999998,0.09999999999999998,20.218459930522247
0.1475409836065574,0.016666666666666666,0.09836065573770492,0.09836065573770492,18.25858068292037
0.2077922077922078,0.05333333333333333,0.15584415584415584,0.15584415584415584,25.403100311851585
0.16216216216216217,0.01834862385321101,0.1081081081081081,0.1081081081081081,29.4076510451882
0.22222222222222224,0.0,0.12345679012345677,0.12345679012345677,30.23892736511879
0.1958041958041958,0.028368794326241138,0.15384615384615383,0.15384615384615383,30.797610088340654
0.16091954022988506,0.0,0.0689655172413793,0.0689655172413793,23.217957529208476
0.18181818181818182,0.06976744186046512,0.1590909090909091,0.1590909090909091,27.135960720876444
0.2619047619047619,0.04878048780487805,0.14285714285714285,0.14285714285714285,25.712873440331546
0.12048192771084337,0.0,0.0963855421686747,0.0963855421686747,23.963530492944894
0.1986754966887417,0.06711409395973154,0.11920529801324503,0.11920529801324503,30.166336154882185
0.24,0.136986301369863,0.24,0.24,39.8232803054899
0.09708737864077668,0.019801980198019802,0.058252427184466014,0.058252427184466014,24.989230372193173
0.1372549019607843,0.02,0.07843137254901959,0.07843137254901959,23.60297700391816
0.1415929203539823,0.018018018018018018,0.10619469026548671,0.10619469026548671,24.26699231522378
0.07142857142857142,0.0,0.05714285714285714,0.05714285714285714,16.620722757565737
0.23655913978494625,0.06593406593406594,0.15053763440860216,0.15053763440860216,34.85705623331404
0.1929824561403509,0.03571428571428571,0.12280701754385966,0.12280701754385966,25.210762428365076
0.19047619047619044,0.1,0.14285714285714288,0.14285714285714288,31.84492278831026
0.09195402298850575,0.0,0.04597701149425287,0.04597701149425287,16.393164189384805
0.19354838709677416,0.06557377049180327,0.14516129032258063,0.14516129032258063,29.938982665253207
0.13953488372093023,0.023809523809523808,0.11627906976744184,0.11627906976744184,26.827419115539257
0.11764705882352941,0.0,0.07058823529411765,0.07058823529411765,28.648433035270752
0.22580645161290322,0.016393442622950817,0.14516129032258063,0.14516129032258063,30.866812952283347
0.1818181818181818,0.0,0.10909090909090909,0.10909090909090909,33.89467616869209
0.1509433962264151,0.057692307692307696,0.1320754716981132,0.1320754716981132,25.980411579144725
0.07407407407407407,0.0,0.037037037037037035,0.037037037037037035,17.555984079303418
0.2641509433962264,0.038461538461538464,0.1320754716981132,0.1320754716981132,28.126589227278682
0.16216216216216217,0.01834862385321101,0.0900900900900901,0.0900900900900901,22.84040474215803
0.12213740458015267,0.031007751937984496,0.07633587786259544,0.07633587786259544,26.290398585555213
0.31007751937984496,0.07031250000000001,0.13178294573643412,0.13178294573643412,35.18287650143477
0.11764705882352941,0.013245033112582781,0.06535947712418301,0.06535947712418301,22.433693978835883
0.17307692307692307,0.0,0.09615384615384616,0.09615384615384616,23.394314195592237
0.16216216216216214,0.0136986301369863,0.14864864864864866,0.14864864864864866,23.7547713190427
0.19178082191780824,0.028169014084507043,0.0821917808219178,0.0821917808219178,25.43220655278872
0.1904761904761905,0.04838709677419355,0.14285714285714285,0.14285714285714285,27.68289270169799
0.19178082191780824,0.0,0.0821917808219178,0.0821917808219178,25.294924372512277
0.1923076923076923,0.05194805194805195,0.11538461538461538,0.11538461538461538,28.375815493936102
0.14414414414414412,0.01834862385321101,0.1081081081081081,0.1081081081081081,22.85267538425044
0.15533980582524273,0.039603960396039604,0.0970873786407767,0.0970873786407767,21.920564539539733
0.1414141414141414,0.041237113402061855,0.10101010101010101,0.10101010101010101,23.45127081750514
0.17582417582417584,0.0,0.10989010989010987,0.10989010989010987,24.37935404192047
0.1311475409836066,0.0,0.0983606557377049,0.0983606557377049,23.976443121167716
0.11320754716981132,0.019230769230769232,0.09433962264150943,0.09433962264150943,22.43905996454793
0.1097560975609756,0.02469135802469136,0.08536585365853659,0.08536585365853659,22.19967710000605
0.23255813953488372,0.0975609756097561,0.18604651162790697,0.18604651162790697,26.69146836604643
0.15,0.03389830508474577,0.09999999999999999,0.09999999999999999,24.809059266166983
0.18181818181818182,0.0,0.10909090909090909,0.10909090909090909,23.296227165841326
0.2772277227722772,0.0606060606060606,0.15841584158415842,0.15841584158415842,31.872130710257913
0.2528735632183908,0.14117647058823532,0.16091954022988508,0.16091954022988508,35.29705044792315
0.0819672131147541,0.0,0.0819672131147541,0.0819672131147541,21.352144772175972
0.21052631578947367,0.03571428571428571,0.08771929824561403,0.08771929824561403,29.179886649157854
0.09999999999999999,0.0,0.049999999999999996,0.049999999999999996,16.348198429488843
0.1782178217821782,0.0202020202020202,0.09900990099009901,0.09900990099009901,27.628200366183385
0.15999999999999998,0.016260162601626015,0.096,0.096,22.952952271874473
0.16494845360824745,0.08421052631578949,0.1443298969072165,0.1443298969072165,23.4997692469637
0.2696629213483146,0.04597701149425288,0.1348314606741573,0.1348314606741573,29.123220717611346
0.1818181818181818,0.02666666666666667,0.10389610389610389,0.10389610389610389,23.55747927510489
0.16666666666666666,0.024390243902439025,0.09523809523809523,0.09523809523809523,26.064966261142164
0.20253164556962025,0.025974025974025976,0.12658227848101267,0.12658227848101267,32.05625356608079
0.10169491525423728,0.017241379310344827,0.06779661016949151,0.06779661016949151,16.527746955062103
0.07407407407407407,0.0,0.04938271604938271,0.04938271604938271,23.89143499623077
0.30303030303030304,0.0625,0.1818181818181818,0.1818181818181818,26.049130522167086
0.1090909090909091,0.0,0.0909090909090909,0.0909090909090909,24.86433943794528
0.19354838709677422,0.0,0.10752688172043012,0.10752688172043012,24.740418618255035
0.17886178861788618,0.04958677685950413,0.11382113821138211,0.11382113821138211,24.992347466427717
0.08955223880597014,0.0,0.05970149253731343,0.05970149253731343,10.81304826449634
0.23157894736842108,0.06451612903225806,0.12631578947368421,0.12631578947368421,27.53068651616792
0.20869565217391303,0.035398230088495575,0.1217391304347826,0.1217391304347826,30.28950080839485
0.11475409836065574,0.0,0.06557377049180328,0.06557377049180328,27.049613815346685
0.20869565217391306,0.017699115044247787,0.12173913043478263,0.12173913043478263,22.221474791989472
0.16666666666666666,0.0,0.10416666666666667,0.10416666666666667,29.517981353609912
0.10752688172043011,0.0,0.08602150537634408,0.08602150537634408,22.006061977902434
0.13513513513513514,0.0,0.08108108108108109,0.08108108108108109,21.912068102977926
0.21782178217821782,0.020202020202020204,0.099009900990099,0.099009900990099,26.915804391822867
0.10101010101010101,0.020618556701030927,0.10101010101010101,0.10101010101010101,30.310047421249074
0.26356589147286824,0.031496062992125984,0.10852713178294573,0.10852713178294573,32.26765528539068
0.1894736842105263,0.043010752688172046,0.10526315789473685,0.10526315789473685,25.528151904379154
0.11904761904761904,0.0,0.09523809523809522,0.09523809523809522,21.154458610893734
0.1414141414141414,0.0,0.1212121212121212,0.1212121212121212,22.102747904801195
0.12903225806451613,0.0,0.0967741935483871,0.0967741935483871,21.260049229382343
0.2650602409638554,0.024691358024691357,0.12048192771084339,0.12048192771084339,27.130685252451826
0.11666666666666668,0.016949152542372885,0.09999999999999999,0.09999999999999999,21.126999455401023
0.2,0.0,0.15555555555555556,0.15555555555555556,25.42738865076831
0.2711864406779661,0.03508771929824561,0.1694915254237288,0.1694915254237288,38.84629828411006
0.13333333333333336,0.027397260273972605,0.08,0.08,23.14007311083075
0.0821917808219178,0.0,0.0547945205479452,0.0547945205479452,21.531735807261818
0.11764705882352942,0.010810810810810811,0.06417112299465241,0.06417112299465241,17.920463540455504
0.14285714285714285,0.0,0.11904761904761905,0.11904761904761905,24.67122232440231
0.07874015748031497,0.016,0.04724409448818897,0.04724409448818897,26.860928165132496
0.10619469026548671,0.01801801801801802,0.08849557522123894,0.08849557522123894,23.97869844682177
0.22222222222222224,0.0,0.11111111111111112,0.11111111111111112,28.102934844298765
0.19148936170212766,0.08695652173913043,0.14893617021276595,0.14893617021276595,33.752331540566495
0.14184397163120566,0.0,0.0851063829787234,0.0851063829787234,25.310460176282035
0.1679389312977099,0.015503875968992248,0.10687022900763359,0.10687022900763359,27.511363751442612
0.13333333333333333,0.0,0.05,0.05,21.083599189054
0.12244897959183672,0.0,0.08163265306122448,0.08163265306122448,21.03354888758597
0.21705426356589147,0.07874015748031496,0.10852713178294573,0.10852713178294573,31.8949168503972
0.11538461538461539,0.019417475728155338,0.07692307692307691,0.07692307692307691,22.22814734805451
0.1746031746031746,0.0,0.09523809523809523,0.09523809523809523,27.38057610746808
0.19148936170212766,0.021739130434782608,0.1276595744680851,0.1276595744680851,28.339933219093982
0.273972602739726,0.05555555555555555,0.1643835616438356,0.1643835616438356,30.421739860339265
0.28846153846153844,0.019607843137254905,0.17307692307692307,0.17307692307692307,30.820910976183697
0.1386138613861386,0.020202020202020204,0.07920792079207921,0.07920792079207921,26.30965161085105
0.11940298507462686,0.0,0.08955223880597013,0.08955223880597013,22.69850812108658
0.12903225806451615,0.06593406593406594,0.10752688172043011,0.10752688172043011,24.462820112968163
0.1694915254237288,0.03508771929824561,0.10169491525423728,0.10169491525423728,26.952559898695593
0.18333333333333332,0.03389830508474576,0.1,0.1,22.264804685816326
0.24390243902439024,0.05,0.14634146341463417,0.14634146341463417,27.206700111761133
0.15053763440860216,0.021978021978021976,0.08602150537634409,0.08602150537634409,29.639766461665708
0.1764705882352941,0.0,0.08823529411764705,0.08823529411764705,29.34833095137181
0.15748031496062992,0.032,0.07874015748031496,0.07874015748031496,26.713316500690766
0.2028985507246377,0.0,0.11594202898550725,0.11594202898550725,24.4624229305919
0.2631578947368421,0.05555555555555555,0.2631578947368421,0.2631578947368421,18.990320203867455
0.15841584158415845,0.020202020202020204,0.11881188118811879,0.11881188118811879,22.83553341202045
0.1234567901234568,0.0,0.07407407407407408,0.07407407407407408,24.48992647072096
0.0975609756097561,0.0,0.07317073170731707,0.07317073170731707,18.72138564786761
0.19354838709677416,0.0,0.12903225806451613,0.12903225806451613,25.77353846435554
0.14184397163120568,0.0,0.0851063829787234,0.0851063829787234,27.0748432925355
0.16666666666666669,0.034482758620689655,0.13333333333333333,0.13333333333333333,27.76275527344159
0.2524271844660194,0.09900990099009901,0.17475728155339806,0.17475728155339806,36.595917765194045
0.16883116883116886,0.02631578947368421,0.09090909090909093,0.09090909090909093,25.991749462401653
0.11363636363636363,0.0,0.09090909090909091,0.09090909090909091,23.82941683400026
0.22222222222222224,0.0,0.14814814814814814,0.14814814814814814,25.0934810398889
0.09230769230769229,0.0,0.09230769230769229,0.09230769230769229,23.035505379490818
0.1897810218978102,0.05925925925925926,0.1313868613138686,0.1313868613138686,29.777183783888
0.0392156862745098,0.0,0.0392156862745098,0.0392156862745098,18.236983714300916
0.20952380952380953,0.038834951456310676,0.11428571428571428,0.11428571428571428,22.236845105050442
0.13861386138613863,0.0,0.07920792079207921,0.07920792079207921,22.657794274568914
0.17582417582417584,0.0449438202247191,0.10989010989010987,0.10989010989010987,27.34493613078033
0.2465753424657534,0.08450704225352113,0.19178082191780824,0.19178082191780824,34.322188049230945
0.14285714285714282,0.02083333333333333,0.10204081632653061,0.10204081632653061,26.133536672840457
0.17821782178217824,0.060606060606060615,0.09900990099009901,0.09900990099009901,25.587859111284473
0.14285714285714288,0.020833333333333332,0.10204081632653061,0.10204081632653061,25.88180733026526
0.2,0.020408163265306124,0.1,0.1,28.76471955842412
0.21276595744680854,0.13333333333333333,0.21276595744680854,0.21276595744680854,25.461195452324215
0.15151515151515152,0.015384615384615384,0.07575757575757576,0.07575757575757576,19.682429016905328
0.15,0.03389830508474577,0.09999999999999999,0.09999999999999999,24.18295511165157
0.19393939393939394,0.08588957055214726,0.14545454545454545,0.14545454545454545,31.998936457777155
0.27956989247311825,0.04395604395604395,0.17204301075268816,0.17204301075268816,27.47965571684982
0.24489795918367346,0.08333333333333333,0.163265306122449,0.163265306122449,25.341573934388894
0.19999999999999998,0.07692307692307691,0.075,0.075,30.030612174071074
0.24324324324324323,0.08333333333333333,0.18918918918918917,0.18918918918918917,33.94453068880897
0.2113821138211382,0.04958677685950413,0.16260162601626016,0.16260162601626016,32.68233861989111
0.17204301075268816,0.021978021978021976,0.10752688172043011,0.10752688172043011,24.72560423560637
0.10526315789473685,0.05555555555555555,0.10526315789473685,0.10526315789473685,21.43526189609605
0.2115384615384616,0.058823529411764705,0.15384615384615383,0.15384615384615383,29.426036205342278
0.07920792079207921,0.0,0.059405940594059396,0.059405940594059396,22.257208008320937
0.17021276595744683,0.043478260869565216,0.10638297872340426,0.10638297872340426,24.1530572077782
0.09523809523809525,0.0,0.09523809523809525,0.09523809523809525,25.61797287876305
0.22535211267605634,0.02898550724637681,0.1408450704225352,0.1408450704225352,29.71006621260664
0.13186813186813187,0.0,0.10989010989010987,0.10989010989010987,19.004699237516583
0.22500000000000003,0.07692307692307693,0.125,0.125,33.63694652403966
0.23684210526315785,0.05405405405405406,0.13157894736842105,0.13157894736842105,26.81004427965404
0.33766233766233766,0.02666666666666667,0.15584415584415584,0.15584415584415584,35.1117124971566
0.12658227848101267,0.0,0.0759493670886076,0.0759493670886076,21.406079511348505
0.15267175572519084,0.015503875968992248,0.07633587786259542,0.07633587786259542,28.472528171201887
0.0851063829787234,0.0,0.06382978723404256,0.06382978723404256,21.03786050783312
0.0975609756097561,0.0,0.08130081300813008,0.08130081300813008,19.847825256106614
0.15384615384615383,0.056737588652482275,0.11188811188811186,0.11188811188811186,31.019213853651202
0.25,0.046511627906976744,0.18181818181818182,0.18181818181818182,27.717028434773233
0.12244897959183675,0.041379310344827586,0.06802721088435373,0.06802721088435373,22.833866127322626
0.18666666666666668,0.0,0.10666666666666666,0.10666666666666666,24.08780965699876
0.25806451612903225,0.02197802197802198,0.12903225806451613,0.12903225806451613,28.254113547885062
0.20512820512820512,0.034782608695652174,0.15384615384615385,0.15384615384615385,25.73479864543899
0.208955223880597,0.045454545454545456,0.1492537313432836,0.1492537313432836,26.714627984620076
0.2553191489361702,0.021739130434782608,0.10638297872340427,0.10638297872340427,34.42360641330404
0.26,0.04081632653061224,0.14,0.14,27.27983886651108
0.29629629629629634,0.0,0.14814814814814817,0.14814814814814817,26.577066736701966
0.13675213675213677,0.017391304347826087,0.08547008547008547,0.08547008547008547,27.281357768753768
0.025974025974025972,0.0,0.025974025974025972,0.025974025974025972,20.95110861188432
0.1320754716981132,0.038461538461538464,0.11320754716981131,0.11320754716981131,25.626066570382584
0.1724137931034483,0.017543859649122806,0.1206896551724138,0.1206896551724138,23.690189733058876
0.2222222222222222,0.03278688524590164,0.15873015873015875,0.15873015873015875,30.27605407597943
0.09929078014184396,0.0,0.07092198581560284,0.07092198581560284,18.845750178054253
0.13986013986013984,0.014184397163120569,0.0979020979020979,0.0979020979020979,21.774228147772824
0.1929824561403509,0.05357142857142857,0.15789473684210528,0.15789473684210528,28.744275292433397
0.12068965517241378,0.017543859649122806,0.12068965517241378,0.12068965517241378,19.747109470082087
0.25316455696202533,0.05194805194805195,0.12658227848101267,0.12658227848101267,36.17996049057457
0.17204301075268819,0.021739130434782608,0.0967741935483871,0.0967741935483871,27.059916891954572
0.2058823529411765,0.0,0.08823529411764705,0.08823529411764705,21.73562355869569
0.08333333333333334,0.0,0.06249999999999999,0.06249999999999999,19.308033590723404
0.1581920903954802,0.022857142857142857,0.11299435028248588,0.11299435028248588,22.52363731742166
0.16666666666666666,0.021276595744680854,0.14583333333333331,0.14583333333333331,29.307449440344506
0.1,0.0,0.07142857142857144,0.07142857142857144,17.318476900206143
0.17721518987341772,0.0,0.10126582278481013,0.10126582278481013,21.75254344623126
0.26262626262626265,0.08247422680412371,0.18181818181818182,0.18181818181818182,24.99190931408877
0.21951219512195122,0.05,0.14634146341463417,0.14634146341463417,27.217106775572038
0.13533834586466165,0.03053435114503817,0.10526315789473684,0.10526315789473684,22.001713510613694
0.09433962264150943,0.0,0.05660377358490567,0.05660377358490567,21.931547231659067
0.23140495867768593,0.01680672268907563,0.09917355371900827,0.09917355371900827,29.29218642753196
0.09045226130653267,0.03045685279187817,0.05025125628140704,0.05025125628140704,20.48524249091955
0.169811320754717,0.057692307692307696,0.09433962264150944,0.09433962264150944,27.04257859283071
0.23655913978494625,0.04395604395604396,0.12903225806451613,0.12903225806451613,24.07013646155277
0.12903225806451613,0.0,0.12903225806451613,0.12903225806451613,20.109121636796853
0.189873417721519,0.038461538461538464,0.1139240506329114,0.1139240506329114,28.795850044042933
0.13592233009708737,0.019801980198019802,0.07766990291262137,0.07766990291262137,22.17648473698266
0.08391608391608392,0.0,0.055944055944055944,0.055944055944055944,20.96729881242613
0.20253164556962025,0.05194805194805195,0.15189873417721517,0.15189873417721517,26.989240222536694
0.13740458015267176,0.015503875968992246,0.12213740458015265,0.12213740458015265,19.484690743521515
0.07547169811320754,0.0,0.056603773584905655,0.056603773584905655,15.908536618016752
0.33070866141732286,0.06399999999999999,0.20472440944881887,0.20472440944881887,31.801712682301503
0.09756097560975611,0.0,0.09756097560975611,0.09756097560975611,17.992909695028754
0.15384615384615385,0.028368794326241138,0.0979020979020979,0.0979020979020979,22.785156100059282
0.1553398058252427,0.019801980198019802,0.11650485436893204,0.11650485436893204,26.266713686846316
0.13636363636363638,0.0,0.13636363636363638,0.13636363636363638,21.380745909428157
0.0970873786407767,0.0,0.07766990291262135,0.07766990291262135,21.097660808225804
0.17204301075268819,0.0,0.1075268817204301,0.1075268817204301,26.321776818604768
0.13846153846153844,0.0,0.09230769230769231,0.09230769230769231,25.46565043974
0.18840579710144928,0.04411764705882353,0.10144927536231883,0.10144927536231883,31.147596594318532
0.20952380952380953,0.038834951456310676,0.1904761904761905,0.1904761904761905,26.90481109206533
0.2153846153846154,0.03125,0.12307692307692307,0.12307692307692307,34.93560529512851
0.26865671641791045,0.0923076923076923,0.14925373134328357,0.14925373134328357,32.60267504636112
0.18666666666666665,0.0273972602739726,0.10666666666666667,0.10666666666666667,24.43180263991336
0.1420118343195266,0.04790419161676647,0.10650887573964497,0.10650887573964497,21.45697204934768
0.10666666666666667,0.0,0.08,0.08,23.59957968698815
0.10084033613445377,0.00847457627118644,0.06722689075630253,0.06722689075630253,21.999699206344932
0.17073170731707318,0.049999999999999996,0.12195121951219515,0.12195121951219515,26.900142079503308
0.21782178217821782,0.0202020202020202,0.1188118811881188,0.1188118811881188,28.672489507415282
0.1320754716981132,0.0,0.07547169811320754,0.07547169811320754,29.95175800938192
0.26373626373626374,0.0449438202247191,0.13186813186813187,0.13186813186813187,24.690365138169955
0.10869565217391305,0.0,0.043478260869565216,0.043478260869565216,18.574803212385703
0.09411764705882353,0.0,0.07058823529411765,0.07058823529411765,24.557894578776065
0.07142857142857142,0.024390243902439025,0.07142857142857142,0.07142857142857142,14.586292594882567
0.11764705882352942,0.02,0.0784313725490196,0.0784313725490196,24.594573099413136
0.10526315789473684,0.0,0.07017543859649122,0.07017543859649122,19.884479477715985
0.13559322033898308,0.017241379310344827,0.1016949152542373,0.1016949152542373,20.497675153042064
0.15384615384615388,0.05263157894736842,0.1282051282051282,0.1282051282051282,31.39289196030922
0.14285714285714285,0.01818181818181818,0.08928571428571427,0.08928571428571427,25.05478081175323
0.21487603305785125,0.01680672268907563,0.1487603305785124,0.1487603305785124,24.649543641779157
0.16091954022988503,0.07058823529411765,0.11494252873563217,0.11494252873563217,29.68830391562538
0.1388888888888889,0.0,0.05555555555555555,0.05555555555555555,24.90218994834696
0.1592920353982301,0.018018018018018018,0.08849557522123894,0.08849557522123894,19.587504473675672
0.2028985507246377,0.08955223880597016,0.11594202898550722,0.11594202898550722,28.97553735413804
0.15238095238095237,0.019417475728155338,0.07619047619047618,0.07619047619047618,21.14714833971309
0.10256410256410256,0.0,0.07692307692307693,0.07692307692307693,17.634214461381255
0.078125,0.0,0.046875,0.046875,18.833256260503184
0.2142857142857143,0.0,0.10714285714285715,0.10714285714285715,23.696529202447653
0.26785714285714285,0.01818181818181818,0.14285714285714285,0.14285714285714285,26.33284597956862
0.05,0.0,0.025,0.025,25.91285555545963
0.18823529411764706,0.024096385542168676,0.16470588235294115,0.16470588235294115,26.58504496002211
0.052631578947368425,0.0,0.052631578947368425,0.052631578947368425,16.488437272296242
0.1523809523809524,0.058252427184466014,0.1142857142857143,0.1142857142857143,23.554042003210178
0.15517241379310345,0.052631578947368425,0.08620689655172414,0.08620689655172414,21.792090081523835
0.2777777777777778,0.07547169811320754,0.18518518518518515,0.18518518518518515,33.57322990951353
0.22916666666666666,0.0,0.125,0.125,23.308391584611453
0.0588235294117647,0.0,0.0392156862745098,0.0392156862745098,21.680553644273914
0.17543859649122806,0.023668639053254434,0.11695906432748539,0.11695906432748539,28.04276761529319
0.16793893129770993,0.031007751937984496,0.10687022900763359,0.10687022900763359,25.605088080378625
0.20689655172413793,0.03571428571428572,0.20689655172413793,0.20689655172413793,21.903687724255985
0.07058823529411765,0.0,0.04705882352941177,0.04705882352941177,15.527592433012781
0.15053763440860216,0.02197802197802198,0.10752688172043011,0.10752688172043011,26.157472699454022
0.10062893081761008,0.012738853503184714,0.0880503144654088,0.0880503144654088,18.37327300870519
0.0851063829787234,0.0,0.05319148936170212,0.05319148936170212,21.025154249520998
0.27777777777777773,0.028571428571428574,0.16666666666666666,0.16666666666666666,31.820992159340406
0.08,0.0,0.08,0.08,22.614984421164138
0.2391304347826087,0.06666666666666667,0.19565217391304343,0.19565217391304343,34.146447455131984
0.1509433962264151,0.0,0.09433962264150943,0.09433962264150943,21.234926375948408
0.14814814814814814,0.0,0.09876543209876544,0.09876543209876544,23.858387205308542
0.23376623376623376,0.02666666666666667,0.15584415584415584,0.15584415584415584,30.647979485202953
0.1764705882352941,0.0,0.1372549019607843,0.1372549019607843,21.015562926650468
0.16494845360824745,0.02105263157894737,0.12371134020618556,0.12371134020618556,29.640188966435815
0.19047619047619047,0.04878048780487805,0.14285714285714285,0.14285714285714285,33.080777223332504
0.09424083769633508,0.021164021164021166,0.07329842931937174,0.07329842931937174,20.58514407027508
0.11650485436893204,0.0,0.07766990291262135,0.07766990291262135,22.036318375095192
0.1,0.0,0.08000000000000002,0.08000000000000002,19.538834953107898
0.1276595744680851,0.021739130434782608,0.10638297872340426,0.10638297872340426,20.018721781844924
0.15517241379310343,0.017543859649122806,0.10344827586206895,0.10344827586206895,22.69285629932344
0.19753086419753085,0.025316455696202528,0.1234567901234568,0.1234567901234568,31.207675054748897
0.13043478260869565,0.0,0.10869565217391304,0.10869565217391304,22.971326025837126
0.2857142857142857,0.0606060606060606,0.22857142857142856,0.22857142857142856,24.260488902820107
0.17073170731707316,0.025,0.12195121951219512,0.12195121951219512,27.996163935251523
0.09195402298850576,0.0,0.04597701149425288,0.04597701149425288,15.862655328349174
0.2,0.020408163265306124,0.12,0.12,24.401057903491115
0.16216216216216217,0.02777777777777778,0.13513513513513514,0.13513513513513514,30.160728780484185
0.125,0.025641025641025637,0.075,0.075,23.813083254309085
0.1415929203539823,0.01801801801801802,0.10619469026548671,0.10619469026548671,21.742302548440065
0.0821917808219178,0.0,0.0821917808219178,0.0821917808219178,22.85017101716323
0.1929824561403509,0.0,0.10526315789473684,0.10526315789473684,22.904032898512927
0.12244897959183675,0.0,0.0816326530612245,0.0816326530612245,20.780275333787404
0.14457831325301204,0.024691358024691357,0.09638554216867469,0.09638554216867469,24.649763812182176
0.25806451612903225,0.02197802197802198,0.17204301075268816,0.17204301075268816,30.553816866533563
0.14035087719298248,0.03571428571428571,0.10526315789473685,0.10526315789473685,21.994524934792413
0.19642857142857142,0.03636363636363636,0.14285714285714285,0.14285714285714285,30.285645654087613
0.19298245614035087,0.01785714285714286,0.12280701754385967,0.12280701754385967,24.61477746109481
0.21359223300970875,0.0792079207920792,0.1553398058252427,0.1553398058252427,35.46476591447118
0.09999999999999998,0.020408163265306124,0.08,0.08,21.483436756359627
0.20754716981132076,0.07692307692307693,0.1320754716981132,0.1320754716981132,34.937102974844564
0.22857142857142856,0.07766990291262137,0.2095238095238095,0.2095238095238095,38.157163117037264
0.19047619047619047,0.024390243902439025,0.11904761904761905,0.11904761904761905,25.74043561676011
0.15277777777777776,0.014084507042253521,0.09722222222222222,0.09722222222222222,27.926172780359316
0.1724137931034483,0.0,0.08620689655172414,0.08620689655172414,27.232716677905128
0.07692307692307693,0.0,0.05128205128205127,0.05128205128205127,20.294534541054823
0.23853211009174316,0.07476635514018692,0.2201834862385321,0.2201834862385321,31.969497768378098
0.11267605633802817,0.0,0.08450704225352114,0.08450704225352114,18.76237270826789
0.17204301075268816,0.021978021978021976,0.08602150537634408,0.08602150537634408,26.194899545948896
0.1758241758241758,0.0,0.0879120879120879,0.0879120879120879,28.303334680884735
0.14285714285714285,0.0588235294117647,0.11428571428571427,0.11428571428571427,27.98450038169072
0.21951219512195122,0.07500000000000001,0.12195121951219512,0.12195121951219512,27.536546771759905
0.21951219512195122,0.0,0.12195121951219513,0.12195121951219513,24.233469363972333
0.1415929203539823,0.036036036036036036,0.08849557522123895,0.08849557522123895,27.278137472261122
0.1263157894736842,0.02150537634408602,0.08421052631578947,0.08421052631578947,21.55648910705942
0.3655913978494624,0.15384615384615383,0.27956989247311825,0.27956989247311825,36.38646468140909
0.06521739130434782,0.0,0.06521739130434782,0.06521739130434782,20.143497170314774
0.1782178217821782,0.0606060606060606,0.1386138613861386,0.1386138613861386,23.734718433820152
0.12727272727272726,0.0,0.07272727272727272,0.07272727272727272,24.387255717282777
0.11764705882352941,0.0,0.11764705882352941,0.11764705882352941,30.249196587301185
0.2272727272727273,0.03076923076923077,0.12121212121212122,0.12121212121212122,27.402892109468468
0.12290502793296089,0.0,0.0782122905027933,0.0782122905027933,21.38237881071387
0.09523809523809525,0.024390243902439025,0.07142857142857142,0.07142857142857142,22.205163870790784
0.225,0.0,0.1,0.1,27.35933515149443
0.18918918918918917,0.027777777777777776,0.13513513513513511,0.13513513513513511,28.901376774583436
0.16666666666666666,0.04878048780487805,0.11904761904761903,0.11904761904761903,26.16377729765494
0.1818181818181818,0.0,0.13636363636363635,0.13636363636363635,20.78091395498686
0.25862068965517243,0.08771929824561403,0.15517241379310343,0.15517241379310343,38.24606661669908
0.36363636363636365,0.09302325581395349,0.22727272727272724,0.22727272727272724,40.360669622373294
0.29333333333333333,0.10958904109589042,0.21333333333333335,0.21333333333333335,34.303090862479515
0.17777777777777776,0.022727272727272728,0.1111111111111111,0.1111111111111111,22.45756198815384
0.1651376146788991,0.056074766355140186,0.11009174311926606,0.11009174311926606,29.43360104680588
0.20454545454545456,0.046511627906976744,0.11363636363636363,0.11363636363636363,26.624072217694504
0.2195121951219512,0.025,0.14634146341463414,0.14634146341463414,26.681660243806732
0.19178082191780824,0.02816901408450704,0.19178082191780824,0.19178082191780824,23.30469581375248
0.21333333333333335,0.0273972602739726,0.16,0.16,28.100711910966442
0.26804123711340205,0.08421052631578947,0.18556701030927833,0.18556701030927833,32.60745021274286
0.15873015873015875,0.0,0.09523809523809523,0.09523809523809523,26.988359955341107
0.18018018018018017,0.01834862385321101,0.14414414414414417,0.14414414414414417,26.047340861128298
0.10909090909090909,0.0,0.07272727272727272,0.07272727272727272,20.011276363736698
0.2429906542056075,0.05714285714285714,0.16822429906542055,0.16822429906542055,29.931706171667866
0.2,0.016949152542372885,0.13333333333333333,0.13333333333333333,28.786230441927803
0.16494845360824742,0.02105263157894737,0.08247422680412371,0.08247422680412371,25.128740148577734
0.10126582278481013,0.0,0.07594936708860758,0.07594936708860758,24.232179160148558
0.21686746987951808,0.04938271604938271,0.16867469879518074,0.16867469879518074,27.354864831832508
0.20454545454545456,0.0,0.09090909090909091,0.09090909090909091,22.909524365164664
0.11904761904761903,0.0,0.07142857142857142,0.07142857142857142,23.709218899663036
0.14432989690721648,0.0,0.08247422680412371,0.08247422680412371,25.26952896260616
0.06122448979591836,0.0,0.04081632653061224,0.04081632653061224,18.886939599491427
0.14285714285714288,0.0,0.11904761904761904,0.11904761904761904,25.63712865673079
0.11764705882352941,0.0,0.0784313725490196,0.0784313725490196,23.36745678590047
0.1946902654867257,0.01801801801801802,0.1238938053097345,0.1238938053097345,27.357144829254203
0.23611111111111108,0.1267605633802817,0.19444444444444445,0.19444444444444445,34.91107554430477
0.1553398058252427,0.03960396039603961,0.11650485436893204,0.11650485436893204,22.047686229759016
0.24324324324324326,0.0,0.10810810810810809,0.10810810810810809,26.354224876658083
0.23529411764705882,0.0,0.14705882352941174,0.14705882352941174,22.313323125513755
0.15384615384615383,0.022471910112359553,0.10989010989010987,0.10989010989010987,25.693499236075983
0.12631578947368421,0.0,0.08421052631578947,0.08421052631578947,25.00926032748472
0.0851063829787234,0.0,0.0425531914893617,0.0425531914893617,24.163953745720747
0.1282051282051282,0.0,0.10256410256410257,0.10256410256410257,23.76921533288637
0.14473684210526316,0.02666666666666667,0.09210526315789475,0.09210526315789475,21.970684077930734
0.0816326530612245,0.0,0.061224489795918366,0.061224489795918366,17.453138971721284
0.17977528089887643,0.022988505747126433,0.08988764044943821,0.08988764044943821,28.336075759340577
0.13793103448275862,0.0,0.06896551724137931,0.06896551724137931,23.032974256717726
0.13999999999999999,0.04081632653061225,0.08,0.08,25.198086062129892
0.15841584158415842,0.020202020202020204,0.1188118811881188,0.1188118811881188,24.155625803723478
0.10852713178294571,0.015748031496062995,0.062015503875968984,0.062015503875968984,17.11377110994906
0.10852713178294573,0.015748031496062992,0.07751937984496124,0.07751937984496124,22.413584273796403
0.12631578947368421,0.0,0.08421052631578947,0.08421052631578947,22.28494424036569
0.22033898305084745,0.034482758620689655,0.11864406779661017,0.11864406779661017,27.174317923941448
0.09876543209876544,0.025316455696202528,0.07407407407407408,0.07407407407407408,17.27798193305928
0.10869565217391305,0.02222222222222222,0.06521739130434782,0.06521739130434782,27.48894486314992
0.15094339622641512,0.0,0.07547169811320756,0.07547169811320756,24.44211180231739
0.09278350515463918,0.010416666666666668,0.05154639175257732,0.05154639175257732,12.941553031014433
0.21951219512195122,0.024999999999999998,0.0975609756097561,0.0975609756097561,25.332679529954383
0.14201183431952663,0.04790419161676647,0.07100591715976332,0.07100591715976332,24.571141440868296
0.07751937984496124,0.015625000000000003,0.046511627906976744,0.046511627906976744,18.029211138414446
0.2434782608695652,0.08849557522123894,0.1391304347826087,0.1391304347826087,32.06582436546375
0.14285714285714285,0.0,0.14285714285714285,0.14285714285714285,22.208863354295687
0.19672131147540983,0.08333333333333334,0.13114754098360656,0.13114754098360656,33.62900879339819
0.09090909090909091,0.0,0.06818181818181819,0.06818181818181819,20.07907383836249
0.24000000000000002,0.06504065040650407,0.128,0.128,32.01872209944462
0.17391304347826086,0.02222222222222222,0.13043478260869565,0.13043478260869565,27.964899195495835
0.18181818181818182,0.05333333333333334,0.12987012987012986,0.12987012987012986,36.01796865656048
0.2736842105263158,0.02150537634408602,0.16842105263157894,0.16842105263157894,28.881895127862627
0.1769911504424779,0.036036036036036036,0.10619469026548672,0.10619469026548672,27.677912196177424
0.14953271028037382,0.038095238095238106,0.14953271028037382,0.14953271028037382,28.826725034929208
0.12371134020618556,0.0,0.06185567010309278,0.06185567010309278,27.656672101585606
0.21153846153846156,0.0196078431372549,0.09615384615384615,0.09615384615384615,27.941348912839803
0.2647058823529412,0.15151515151515152,0.23529411764705882,0.23529411764705882,45.314874711535175
0.2115384615384615,0.03921568627450981,0.1346153846153846,0.1346153846153846,27.478587532047705
0.13432835820895522,0.015151515151515154,0.1044776119402985,0.1044776119402985,18.9292994459665
0.1234567901234568,0.0,0.09876543209876543,0.09876543209876543,22.721110242083988
0.09523809523809525,0.016129032258064516,0.04761904761904762,0.04761904761904762,24.498136958160128
0.1702127659574468,0.021739130434782608,0.10638297872340427,0.10638297872340427,27.6578259467028
0.18823529411764706,0.024096385542168672,0.11764705882352942,0.11764705882352942,29.31899058803938
0.23255813953488372,0.04878048780487805,0.23255813953488372,0.23255813953488372,15.142720226607729
0.15053763440860213,0.021978021978021976,0.08602150537634409,0.08602150537634409,25.182456030067396
0.21999999999999997,0.04081632653061224,0.11999999999999998,0.11999999999999998,21.708091132207784
0.23703703703703705,0.13533834586466165,0.19259259259259257,0.19259259259259257,36.69318104692429
0.1553398058252427,0.0,0.09708737864077668,0.09708737864077668,26.375215855621782
0.11363636363636363,0.023255813953488375,0.11363636363636363,0.11363636363636363,16.31612804944411
0.27083333333333337,0.02127659574468085,0.14583333333333334,0.14583333333333334,28.04361923565818
0.18604651162790697,0.047619047619047616,0.11627906976744187,0.11627906976744187,23.394127004102412
0.0898876404494382,0.0,0.0898876404494382,0.0898876404494382,18.14287412020495
0.2018348623853211,0.09345794392523364,0.11009174311926605,0.11009174311926605,31.109642925336583
0.140625,0.031746031746031744,0.09375,0.09375,27.207233950672627
0.18032786885245902,0.016666666666666666,0.13114754098360656,0.13114754098360656,19.21212730974858
0.1111111111111111,0.0,0.1111111111111111,0.1111111111111111,20.724043602613477
0.140625,0.031746031746031744,0.125,0.125,22.870290533678755
0.15730337078651685,0.02298850574712644,0.0898876404494382,0.0898876404494382,21.7347960723559
0.10526315789473682,0.0,0.08421052631578947,0.08421052631578947,25.057152291778895
0.16,0.0,0.096,0.096,23.063116242669192
0.24489795918367344,0.06250000000000001,0.14285714285714285,0.14285714285714285,24.571218234158014
0.15555555555555553,0.022727272727272724,0.1111111111111111,0.1111111111111111,24.917962403708845
0.13333333333333333,0.01694915254237288,0.06666666666666667,0.06666666666666667,22.032591023890813
0.1234567901234568,0.025316455696202535,0.07407407407407408,0.07407407407407408,35.97683245981451
0.1372549019607843,0.0,0.0980392156862745,0.0980392156862745,20.89507638420882
0.11428571428571428,0.0,0.08571428571428572,0.08571428571428572,17.93068206835865
0.14678899082568808,0.018691588785046728,0.12844036697247704,0.12844036697247704,20.273825268630453
0.10126582278481013,0.0,0.07594936708860758,0.07594936708860758,21.17985611546038
0.325,0.02564102564102564,0.15,0.15,31.884805557897433
0.16243654822335027,0.030769230769230764,0.10152284263959391,0.10152284263959391,24.953858599865928
0.13186813186813187,0.0,0.0879120879120879,0.0879120879120879,23.48414624889518
0.11494252873563217,0.0,0.09195402298850575,0.09195402298850575,17.899200341587758
0.20437956204379565,0.02962962962962963,0.10218978102189782,0.10218978102189782,31.902858892863456
0.18032786885245902,0.0,0.09836065573770493,0.09836065573770493,22.99511369323987
0.1891891891891892,0.02777777777777778,0.10810810810810811,0.10810810810810811,30.575284744589265
0.10344827586206896,0.0,0.06896551724137931,0.06896551724137931,22.68734785191345
0.12121212121212122,0.0,0.0808080808080808,0.0808080808080808,19.706278335935085
0.1411764705882353,0.0,0.09411764705882353,0.09411764705882353,24.38892732368877
0.15730337078651685,0.04597701149425287,0.11235955056179775,0.11235955056179775,24.004888037212442
0.08108108108108109,0.0,0.08108108108108109,0.08108108108108109,19.372371368348006
0.1388888888888889,0.028169014084507043,0.08333333333333334,0.08333333333333334,24.91180466781584
0.15254237288135594,0.0,0.0847457627118644,0.0847457627118644,26.732834157713096
0.06666666666666667,0.0,0.04444444444444444,0.04444444444444444,22.493450899953725
0.16541353383458646,0.0,0.12030075187969926,0.12030075187969926,21.296945899945978
0.10204081632653063,0.0,0.0816326530612245,0.0816326530612245,22.358119206419648
0.16666666666666669,0.03389830508474576,0.11666666666666664,0.11666666666666664,23.045153078276886
0.19512195121951217,0.025,0.14634146341463417,0.14634146341463417,32.153427683601365
0.20833333333333334,0.08510638297872342,0.1875,0.1875,31.005022917222615
0.19047619047619052,0.0,0.11428571428571428,0.11428571428571428,22.186086876480484
0.10218978102189781,0.014814814814814815,0.08759124087591241,0.08759124087591241,22.175959958822627
0.29310344827586204,0.10526315789473684,0.2068965517241379,0.2068965517241379,27.859702593105634
0.06451612903225806,0.0,0.06451612903225806,0.06451612903225806,24.372078561506935
0.14893617021276598,0.0,0.0851063829787234,0.0851063829787234,24.71866175310051
0.12631578947368421,0.0,0.042105263157894736,0.042105263157894736,26.822330476526513
0.05263157894736842,0.0,0.05263157894736842,0.05263157894736842,23.018452127349764
0.21428571428571427,0.03636363636363636,0.14285714285714285,0.14285714285714285,30.651574768658467
0.12121212121212122,0.0,0.06060606060606061,0.06060606060606061,23.2923882926831
0.2222222222222222,0.08571428571428572,0.16666666666666666,0.16666666666666666,32.04319602111352
